{
  "lang":"en",
  "name":"pipeline",
  "version":"0.0.0",
  "spacy_version":">=3.8.3,<3.9.0",
  "description":"",
  "author":"",
  "email":"",
  "url":"",
  "license":"",
  "spacy_git_version":"be0fa81",
  "vectors":{
    "width":0,
    "vectors":0,
    "keys":0,
    "name":null,
    "mode":"default"
  },
  "labels":{
    "tok2vec":[

    ],
    "ner":[
      " DEVELOP",
      "DOMAIN",
      "EDUCATION",
      "EXPERIENCE",
      "LANGUAGE",
      "RESPONSIBILITY",
      "SKILLS",
      "SOFT-SKILLS"
    ]
  },
  "pipeline":[
    "tok2vec",
    "ner"
  ],
  "components":[
    "tok2vec",
    "ner"
  ],
  "disabled":[

  ],
  "performance":{
    "ents_f":0.7817824377,
    "ents_p":0.7853851218,
    "ents_r":0.7782126549,
    "ents_per_type":{
      "SKILLS":{
        "p":0.8107238606,
        "r":0.7932843652,
        "f":0.8019093079
      },
      "DOMAIN":{
        "p":0.4244897959,
        "r":0.4388185654,
        "f":0.4315352697
      },
      "SOFT-SKILLS":{
        "p":0.7710843373,
        "r":0.8767123288,
        "f":0.8205128205
      },
      "EDUCATION":{
        "p":0.7848101266,
        "r":0.7777777778,
        "f":0.7812781278
      },
      "LANGUAGE":{
        "p":0.9893048128,
        "r":0.9946236559,
        "f":0.9919571046
      },
      "EXPERIENCE":{
        "p":0.8365384615,
        "r":0.8529411765,
        "f":0.8446601942
      },
      " DEVELOP":{
        "p":0.0,
        "r":0.0,
        "f":0.0
      },
      "RESPONSIBILITY":{
        "p":0.0,
        "r":0.0,
        "f":0.0
      }
    },
    "tok2vec_loss":892.867891565,
    "ner_loss":1691.0573577188
  }
}