{
  "lang":"en",
  "name":"pipeline",
  "version":"0.0.0",
  "spacy_version":">=3.8.3,<3.9.0",
  "description":"",
  "author":"",
  "email":"",
  "url":"",
  "license":"",
  "spacy_git_version":"be0fa81",
  "vectors":{
    "width":0,
    "vectors":0,
    "keys":0,
    "name":null,
    "mode":"default"
  },
  "labels":{
    "tok2vec":[

    ],
    "ner":[
      " DEVELOP",
      "DOMAIN",
      "EDUCATION",
      "EXPERIENCE",
      "LANGUAGE",
      "RESPONSIBILITY",
      "SKILLS",
      "SOFT-SKILLS"
    ]
  },
  "pipeline":[
    "tok2vec",
    "ner"
  ],
  "components":[
    "tok2vec",
    "ner"
  ],
  "disabled":[

  ],
  "performance":{
    "ents_f":0.7904070258,
    "ents_p":0.819614711,
    "ents_r":0.7632093933,
    "ents_per_type":{
      "SKILLS":{
        "p":0.8328767123,
        "r":0.7974816369,
        "f":0.8147949611
      },
      "DOMAIN":{
        "p":0.4463519313,
        "r":0.4388185654,
        "f":0.4425531915
      },
      "SOFT-SKILLS":{
        "p":0.743902439,
        "r":0.8356164384,
        "f":0.7870967742
      },
      "EDUCATION":{
        "p":0.8937644342,
        "r":0.6935483871,
        "f":0.7810292634
      },
      "LANGUAGE":{
        "p":0.9892473118,
        "r":0.9892473118,
        "f":0.9892473118
      },
      "EXPERIENCE":{
        "p":0.875,
        "r":0.8235294118,
        "f":0.8484848485
      },
      " DEVELOP":{
        "p":0.0,
        "r":0.0,
        "f":0.0
      },
      "RESPONSIBILITY":{
        "p":0.0,
        "r":0.0,
        "f":0.0
      }
    },
    "tok2vec_loss":775.1707288702,
    "ner_loss":1817.6314008732
  }
}